,Skateboard Decks
0,"Real Busenitz Spliced Low Pro II 8.38"" Skateboard Deck"
1,"Real Brockel Spliced Low Pro II 8.5"" Skateboard Deck"
2,"Real Walker Chrome Tip 8.25"" Skateboard Deck"
3,"Real Ishod Knockout 8.25"" Skateboard Deck"
4,"Baker T-Funk Logo 8.0"" Skateboard Deck"
5,"Baker Herman Abstract 8.0"" Skateboard Deck"
6,"Baker White Brand Logo 7.5""Skateboard Deck"
7,"Baker Logo 8.5""Skateboard Deck"
8,"Welcome Nora Fairy Tale On Wicked Queen 8.6"" Skateboard Deck"
9,"Welcome Seraphim On Golem 9.25"" Skateboard Deck"
10,"Welcome Koi Boi On Big Bunyip 8.5"" Skateboard Deck"
11,"Welcome Maned Woof On Bunyip 8.0"" Skateboard Deck"
12,"Element x FOS Greyson Shark 8.1"" Skateboard Deck"
13,"DGK Blessed Gold Foil 8.0"" Skateboard Deck"
14,"DGK Familia Black & Gold Foil 8.25"" Skateboard Deck"
15,"DGK Boo Shades 8.25"" Skateboard Deck"
16,"DGK Boo Money Fan Foil 8.25"" Skateboard Deck"
17,"Primitive x Huy Fong Rodriguez Foil 8.0"" Skateboard Deck"
18,"Primitive O'Neil Pendleton Zoo 8.125"" Skateboard Deck"
19,"Primitive McClung Hornet 8.0"" Skateboard Deck"
20,"Primitive Najera Bull Opal 8.25"" Skateboard Deck"
21,"Santa Cruz Screaming Hand 10.34"" Neon Skateboard Deck"
22,"Blind Jason Lee Dodo Skull 9.625"" Skateboard Deck"
23,"Blind Mark Gonzales Skull & Banana 9.875"" Skateboard Deck"
24,"Blind Rudy Johnson Jock Skull 9.875"" Skateboard Deck"
25,"Chocolate Yonnie Portrait 8.0"" Skateboard Deck"
26,"Chocolate x Converse Kenny Anderson 8.25"" Skateboard Deck"
27,"Girl x Kodak Kennedy 8.25"" Skateboard Deck"
28,"Girl x Kodak Mike Mo 8.125"" Skateboard Deck"
29,"Lifeblood Kowalski Carved Bear 8.25"" Skateboard Deck"
30,"Dieta Rabbit Shaped 8.4"" Skateboard Deck"
31,"Bacon Logo Camo 8.25"" Skateboard Deck"
32,"Meridian Skateboards Luna 8.25"" Skateboard Deck"
33,"RipNDip Rose 8.0"" Skateboard Deck"
34,"RipNDip Lord Nermal Silver 8.0""Skateboard Deck"
35,"Blind Bad Cop 8.25""Skateboard Deck"
36,"Almost Daewon Tom & Jerry 8.25"" Skateboard Deck"
37,"DGK Boo Convenience Store 8.0""Skateboard Deck"
38,"Blind Decks Out 8.0"" Skateboard Deck"
39,"RipNDip We Out Here 8.25"" Skateboard Deck"
40,"Enjoi Cosmos Panda 8.0""Skateboard Deck"
41,"Primitive Rodriguez Eternal 8.25"" Skateboard Deck"
42,"Anti-Hero Feeding Frenzy 8.25"" Skateboard Deck"
43,"Enjoi Whitey Panda Wide Logo 8.0""Skateboard Deck"
44,"ATM Pizza 8.0""Skateboard Deck"
45,"RipNDip Great Wave Of Nerm 8.0"" Skateboard Deck"
46,"ATM OG Mint 7.75""Skateboard Deck"
47,"DGK Logo 8.25"" White & Black Skateboard Deck"
48,"Superior Gem Wrap Logo 8.0""Skateboard Deck"
49,"Superior Down To Earth 7.75"" Skateboard Deck"
50,"Goodwood Aloha 8.0""Skateboard Deck"
51,"RipNDip Lord Nermal Rose 8.0"" Skateboard Deck"
52,"ATM White Tie Dye 7.75""Skateboard Deck"
53,"Goodwood Nebula 8.0""Skateboard Deck"
54,"Creature x Sketchy Tank Gravette Tanked 8.2"" Skateboard Deck"
55,"Anti Hero Classic Eagle XL 8.5""Skateboard Deck"
56,"Krooked Birdical Blue 8.5""Skateboard Deck"
57,"Real Walker Party Goat SOTY 8.25"" Skateboard Deck"
58,"Deathwish Foy Gang Name 8.5"" Skateboard Deck"
59,"Mini Logo White Chevron 8.0"" Skateboard Deck"
